Company,Ticker,BondsURL
KHOV,HOV,https://www.tradingview.com/symbols/NYSE-HOV/bonds/
DR Horton,DHI,https://www.tradingview.com/symbols/NYSE-DHI/bonds/
Toll Brothers,TOL,https://www.tradingview.com/symbols/NYSE-TOL/bonds/
NVR,NVR,https://www.tradingview.com/symbols/NYSE-NVR/bonds/
Lennar,LEN,https://www.tradingview.com/symbols/NYSE-LEN/bonds/
PulteGroup,PHM,https://www.tradingview.com/symbols/NYSE-PHM/bonds/
Forestar,FOR,https://www.tradingview.com/symbols/NYSE-FOR/bonds/
KB Homes,KBH,https://www.tradingview.com/symbols/NYSE-KBH/bonds/
Meritage Homes,MTH,https://www.tradingview.com/symbols/NYSE-MTH/bonds/
Taylor Morrison Home,TMHC,https://www.tradingview.com/symbols/NYSE-TMHC/bonds/
Installed Building Products,IBP,https://www.tradingview.com/symbols/NYSE-IBP/bonds/
Tri Pointe Homes,TPH,https://www.tradingview.com/symbols/NYSE-TPH/bonds/
Dream Finders,DFH,https://www.tradingview.com/symbols/NYSE-DFH/bonds/
Millrose Properties,MRP,https://www.tradingview.com/symbols/NYSE-MRP/bonds/
